{
  "360Chrism": {
    "logo": "https://static-cdn.jtvnw.net/jtv_user_pictures/360chrism-profile_image-923e48819b871f89-300x300.jpeg",
    "link": "twitch.tv/360Chrism"
  },
  "5exual_Tyrannosaurus": {
    "logo": "https://static-cdn.jtvnw.net/jtv_user_pictures/5exual_tyrannosaurus_-profile_image-79c226a432d7e0b8-300x300.png",
    "link": "twitch.tv/5exual_tyrannosaurus_"
  },
  "A_Royal_Hobo": {
    "logo": "https://static-cdn.jtvnw.net/jtv_user_pictures/a_royal_hobo-profile_image-45b1ae33fedbe41b-300x300.jpeg",
    "link": "twitch.tv/A_Royal_Hobo"
  },
  "Adam753": {
    "logo": null,
    "link": "twitch.tv/Adam753"
  },
  "Akisto": {
    "logo": "https://static-cdn.jtvnw.net/jtv_user_pictures/se7endeadlysins-profile_image-51b2ce7b18a0f8b2-300x300.png",
    "link": "twitch.tv/se7endeadlysins"
  },
  "Alko": {
    "logo": null,
    "link": "twitch.tv/alko_sda"
  },
  "Arctice": {
    "logo": "https://static-cdn.jtvnw.net/jtv_user_pictures/arctice-profile_image-9a44c6d66afd70ea-300x300.png",
    "link": "twitch.tv/Arctice"
  },
  "BBF": {
    "logo": "https://static-cdn.jtvnw.net/jtv_user_pictures/bbf_-profile_image-1cae228f5c263e8c-300x300.png",
    "link": "twitch.tv/bbf_"
  },
  "Baffan": {
    "logo": "https://static-cdn.jtvnw.net/jtv_user_pictures/baffan-profile_image-f1f9bf46807a6358-300x300.png",
    "link": "twitch.tv/Baffan"
  },
  "Bensagram": {
    "logo": "https://static-cdn.jtvnw.net/jtv_user_pictures/bensagram-profile_image-9994386a9362d3b3-300x300.png",
    "link": "twitch.tv/Bensagram"
  },
  "BigJon": {
    "logo": "https://static-cdn.jtvnw.net/jtv_user_pictures/gamej06-profile_image-c1c0dad6ee0eedb8-300x300.png",
    "link": "twitch.tv/gamej06"
  },
  "Brainfluid": {
    "logo": "https://static-cdn.jtvnw.net/jtv_user_pictures/brainfluid-profile_image-ec6ad5435eca953b-300x300.png",
    "link": "twitch.tv/Brainfluid"
  },
  "Brother_main": {
    "logo": "https://static-cdn.jtvnw.net/jtv_user_pictures/brother_main-profile_image-982e5a9a72ec1860-300x300.jpeg",
    "link": "twitch.tv/Brother_main"
  },
  "BubblesDelFuego": {
    "logo": "https://static-cdn.jtvnw.net/jtv_user_pictures/bubblesdelfuego-profile_image-efd5c584186c32b6-300x300.png",
    "link": "twitch.tv/BubblesDelFuego"
  },
  "Burb": {
    "logo": "https://static-cdn.jtvnw.net/jtv_user_pictures/burbruee-profile_image-ad51026d9d76a23a-300x300.png",
    "link": "twitch.tv/burbruee"
  },
  "COOLKID": {
    "logo": "https://static-cdn.jtvnw.net/jtv_user_pictures/dabigbooi-profile_image-db6d0e79fa45f950-300x300.png",
    "link": "twitch.tv/dabigbooi"
  },
  "CartinaCow": {
    "logo": "https://static-cdn.jtvnw.net/jtv_user_pictures/cartinacow-profile_image-b6f67df026dd7b14-300x300.png",
    "link": "twitch.tv/CartinaCow"
  },
  "Chfou": {
    "logo": "https://static-cdn.jtvnw.net/jtv_user_pictures/chfou-profile_image-61a7f9b1b65f5cab-300x300.jpeg",
    "link": "twitch.tv/Chfou"
  },
  "Crippe": {
    "logo": "https://static-cdn.jtvnw.net/jtv_user_pictures/crippe123-profile_image-fb447f515cb0ab7d-300x300.jpeg",
    "link": "twitch.tv/crippe123"
  },
  "Dexz": {
    "logo": "https://static-cdn.jtvnw.net/jtv_user_pictures/idexzz-profile_image-9c63d67551578b42-300x300.png",
    "link": "twitch.tv/idexzz"
  },
  "Distro": {
    "logo": "https://static-cdn.jtvnw.net/jtv_user_pictures/distrotv-profile_image-8d6f960a39ad6e89-300x300.jpeg",
    "link": "twitch.tv/distrotv"
  },
  "DivisionX": {
    "logo": "https://static-cdn.jtvnw.net/jtv_user_pictures/divisionx_x-profile_image-5dd511f296df0204-300x300.png",
    "link": "twitch.tv/divisionx_x"
  },
  "DrTChops": {
    "logo": "https://static-cdn.jtvnw.net/jtv_user_pictures/drtchops-profile_image-51d7313d6edadfd9-300x300.jpeg",
    "link": "twitch.tv/DrTChops"
  },
  "Drogeriehund": {
    "logo": "https://static-cdn.jtvnw.net/jtv_user_pictures/drogeriehund-profile_image-e0314a1246023b0f-300x300.jpeg",
    "link": "twitch.tv/Drogeriehund"
  },
  "E_Dragon": {
    "logo": "https://static-cdn.jtvnw.net/jtv_user_pictures/e_dragongx-profile_image-e7f5594fb337d1d8-300x300.jpeg",
    "link": "twitch.tv/e_dragongx"
  },
  "Eagle": {
    "logo": "https://static-cdn.jtvnw.net/jtv_user_pictures/makvaerk-profile_image-28990da8b9bcd751-300x300.png",
    "link": "twitch.tv/makvaerk"
  },
  "Edenal": {
    "logo": "https://static-cdn.jtvnw.net/jtv_user_pictures/edenalsda-profile_image-be58d37307a1db00-300x300.jpeg",
    "link": "twitch.tv/edenalsda"
  },
  "Elajjaz": {
    "logo": "https://static-cdn.jtvnw.net/jtv_user_pictures/elajjaz-profile_image-fcfc55e0804b6bfd-300x300.png",
    "link": "twitch.tv/Elajjaz"
  },
  "Elgu": {
    "logo": "https://static-cdn.jtvnw.net/jtv_user_pictures/elgu_-profile_image-3ff9e95e1c524480-300x300.jpeg",
    "link": "twitch.tv/elgu_"
  },
  "EndySWE": {
    "logo": "https://static-cdn.jtvnw.net/jtv_user_pictures/endyswe-profile_image-be9452c8d181fa56-300x300.jpeg",
    "link": "twitch.tv/EndySWE"
  },
  "Evertrn": {
    "logo": "https://static-cdn.jtvnw.net/jtv_user_pictures/evertrn-profile_image-1e7316a543931edb-300x300.jpeg",
    "link": "twitch.tv/Evertrn"
  },
  "Fatzke": {
    "logo": "https://static-cdn.jtvnw.net/jtv_user_pictures/fatzke-profile_image-d74124e3729eba27-300x300.jpeg",
    "link": "twitch.tv/Fatzke"
  },
  "Filly_Vinyl": {
    "logo": "https://static-cdn.jtvnw.net/jtv_user_pictures/filly_vinyl-profile_image-e2f201acb725ae49-300x300.png",
    "link": "twitch.tv/Filly_Vinyl"
  },
  "FingersTehHand": {
    "logo": "https://static-cdn.jtvnw.net/jtv_user_pictures/fingerstehhand-profile_image-0c354d02648d44fe-300x300.jpeg",
    "link": "twitch.tv/FingersTehHand"
  },
  "Freddeh": {
    "logo": "https://static-cdn.jtvnw.net/jtv_user_pictures/freddeh-profile_image-086e99df31b27c74-300x300.jpeg",
    "link": "twitch.tv/Freddeh"
  },
  "Fretzi": {
    "logo": "https://static-cdn.jtvnw.net/jtv_user_pictures/klaus_braten-profile_image-27f7c3a554a6a567-300x300.jpeg",
    "link": "twitch.tv/klaus_braten"
  },
  "Fuzzyness": {
    "logo": "https://static-cdn.jtvnw.net/jtv_user_pictures/fuzzyness-profile_image-8095c9977fb91362-300x300.jpeg",
    "link": "twitch.tv/Fuzzyness"
  },
  "Garadas": {
    "logo": "https://static-cdn.jtvnw.net/jtv_user_pictures/garadas21-profile_image-cbf496203a51c98d-300x300.png",
    "link": "twitch.tv/garadas21"
  },
  "GreenDavideku": {
    "logo": "https://static-cdn.jtvnw.net/jtv_user_pictures/greendavideku-profile_image-601b1bdd4a6b23d2-300x300.jpeg",
    "link": "twitch.tv/GreenDavideku"
  },
  "Greenalink": {
    "logo": "https://static-cdn.jtvnw.net/jtv_user_pictures/greenalinksda-profile_image-7446d08b4a8397cd-300x300.png",
    "link": "twitch.tv/greenalinksda"
  },
  "Gunnermaniac3": {
    "logo": "https://static-cdn.jtvnw.net/jtv_user_pictures/gunnermaniac3-profile_image-9655233bf5409b42-300x300.png",
    "link": "twitch.tv/Gunnermaniac3"
  },
  "HaosEdge": {
    "logo": "https://static-cdn.jtvnw.net/jtv_user_pictures/haosedge-profile_image-8ff5c7c3311f1c26-300x300.png",
    "link": "twitch.tv/HaosEdge"
  },
  "Henneko_": {
    "logo": "https://static-cdn.jtvnw.net/jtv_user_pictures/henneko_-profile_image-6c49ed81afb0f6bb-300x300.png",
    "link": "twitch.tv/Henneko_"
  },
  "I300M3R": {
    "logo": "https://static-cdn.jtvnw.net/jtv_user_pictures/i300m3r-profile_image-cd6c8f3788351b75-300x300.png",
    "link": "twitch.tv/I300M3R"
  },
  "Incalex": {
    "logo": "https://static-cdn.jtvnw.net/jtv_user_pictures/inkalex-profile_image-d093fa6677bacb1b-300x300.png",
    "link": "twitch.tv/inkalex"
  },
  "IndDragPack": {
    "logo": "https://static-cdn.jtvnw.net/jtv_user_pictures/inddragpack-profile_image-69a1224b36d4d05c-300x300.jpeg",
    "link": "twitch.tv/IndDragPack"
  },
  "InfestedRiche": {
    "logo": "https://static-cdn.jtvnw.net/jtv_user_pictures/infestedriche-profile_image-e8dc6e0e05532633-300x300.png",
    "link": "twitch.tv/InfestedRiche"
  },
  "JackOfHearts": {
    "logo": "https://static-cdn.jtvnw.net/jtv_user_pictures/jackofheartsgaming-profile_image-7731ba0f1f19d23f-300x300.jpeg",
    "link": "twitch.tv/jackofheartsgaming"
  },
  "JangBang": {
    "logo": "https://static-cdn.jtvnw.net/jtv_user_pictures/jangbang__-profile_image-619d0ad3fc0b7aec-300x300.png",
    "link": "twitch.tv/jangbang__"
  },
  "Jazzy": {
    "logo": "https://static-cdn.jtvnw.net/jtv_user_pictures/jazzy-profile_image-f490c0580f543304-300x300.jpeg",
    "link": "twitch.tv/Jazzy"
  },
  "Joelnir": {
    "logo": "https://static-cdn.jtvnw.net/jtv_user_pictures/joelnir-profile_image-eca4bf8bfe39aa16-300x300.png",
    "link": "twitch.tv/Joelnir"
  },
  "JohnUK89": {
    "logo": "https://static-cdn.jtvnw.net/jtv_user_pictures/johnuk89-profile_image-9f952ac64e889217-300x300.jpeg",
    "link": "twitch.tv/JohnUK89"
  },
  "Kinnin11": {
    "logo": "https://static-cdn.jtvnw.net/jtv_user_pictures/kinnin11-profile_image-be0504c421e64930-300x300.png",
    "link": "twitch.tv/Kinnin11"
  },
  "Kirua": {
    "logo": "https://static-cdn.jtvnw.net/jtv_user_pictures/kirua-profile_image-33fe9fd244920dfc-300x300.jpeg",
    "link": "twitch.tv/Kirua"
  },
  "Kotti": {
    "logo": "https://static-cdn.jtvnw.net/jtv_user_pictures/thekotti-profile_image-8a84d6f29a34fd29-300x300.png",
    "link": "twitch.tv/thekotti"
  },
  "KrazyRasmus": {
    "logo": "https://static-cdn.jtvnw.net/jtv_user_pictures/krazyrasmus-profile_image-38d32045a81da31d-300x300.jpeg",
    "link": "twitch.tv/KrazyRasmus"
  },
  "KRob16": {
    "logo": "https://static-cdn.jtvnw.net/jtv_user_pictures/krob16-profile_image-8e0c51a9c30a3fd0-300x300.png",
    "link": "twitch.tv/KRob16"
  },
  "Magn00zl": {
    "logo": "https://static-cdn.jtvnw.net/jtv_user_pictures/magn00zl-profile_image-4bdc42774c6861cc-300x300.jpeg",
    "link": "twitch.tv/Magn00zl"
  },
  "Meleagant": {
    "logo": "https://static-cdn.jtvnw.net/jtv_user_pictures/meleagant_-profile_image-851b437dc608545f-300x300.jpeg",
    "link": "twitch.tv/meleagant_"
  },
  "Melestara": {
    "logo": "https://static-cdn.jtvnw.net/jtv_user_pictures/melestara-profile_image-5260968702249c1d-300x300.png",
    "link": "twitch.tv/Melestara"
  },
  "Mergy": {
    "logo": "https://static-cdn.jtvnw.net/jtv_user_pictures/mergy-profile_image-731c5b669f528524-300x300.png",
    "link": "twitch.tv/Mergy"
  },
  "Metako": {
    "logo": "https://static-cdn.jtvnw.net/jtv_user_pictures/metako-profile_image-73464445adee073d-300x300.jpeg",
    "link": "twitch.tv/Metako"
  },
  "Mhmd_FVC": {
    "logo": "https://static-cdn.jtvnw.net/jtv_user_pictures/mhmd_fvc-profile_image-b23ff2517b16459d-300x300.png",
    "link": "twitch.tv/Mhmd_FVC"
  },
  "MrTakahashi": {
    "logo": "https://static-cdn.jtvnw.net/jtv_user_pictures/mrtakahashi-profile_image-c0abb20cccbca361-300x300.jpeg",
    "link": "twitch.tv/MrTakahashi"
  },
  "Mrzwanzig": {
    "logo": "https://static-cdn.jtvnw.net/jtv_user_pictures/mrzwanzig-profile_image-e443d2a231f4bb1e-300x300.jpeg",
    "link": "twitch.tv/Mrzwanzig"
  },
  "Muffin42": {
    "logo": "https://static-cdn.jtvnw.net/jtv_user_pictures/muffin42-profile_image-0c9f0deba975677c-300x300.jpeg",
    "link": "twitch.tv/Muffin42"
  },
  "Naegleria": {
    "logo": "http://edge.sf.hitbox.tv/static/img/channel/Naegleria_53e3403cc9974_large.jpg",
    "link": "hitbox.tv/naegleria"
  },
  "NinjasInCarpets": {
    "logo": "https://static-cdn.jtvnw.net/jtv_user_pictures/ninjasincarpets-profile_image-e740070ca39e93a8-300x300.jpeg",
    "link": "twitch.tv/NinjasInCarpets"
  },
  "Niss3": {
    "logo": "https://static-cdn.jtvnw.net/jtv_user_pictures/niss3-profile_image-332c3bc4aa0c0bf6-300x300.png",
    "link": "twitch.tv/Niss3"
  },
  "Nord": {
    "logo": "https://static-cdn.jtvnw.net/jtv_user_pictures/truljin-profile_image-1ba3cdd020147dd9-300x300.jpeg",
    "link": "twitch.tv/truljin"
  },
  "Noz": {
    "logo": "https://static-cdn.jtvnw.net/jtv_user_pictures/nozlar-profile_image-7bff60bdabc2f128-300x300.png",
    "link": "twitch.tv/nozlar"
  },
  "Nudua": {
    "logo": "https://static-cdn.jtvnw.net/jtv_user_pictures/nudua-profile_image-258bd5e1acc3139f-300x300.jpeg",
    "link": "twitch.tv/Nudua"
  },
  "PenAgain": {
    "logo": "https://static-cdn.jtvnw.net/jtv_user_pictures/penagain-profile_image-549b96c9ecbdb595-300x300.png",
    "link": "twitch.tv/PenAgain"
  },
  "Pessimism": {
    "logo": "https://static-cdn.jtvnw.net/jtv_user_pictures/xpessimism-profile_image-64019664af923ed9-300x300.jpeg",
    "link": "twitch.tv/xpessimism"
  },
  "PinkPajamas": {
    "logo": "https://static-cdn.jtvnw.net/jtv_user_pictures/pinkpajamas-profile_image-b10f3473d5d98249-300x300.png",
    "link": "twitch.tv/PinkPajamas"
  },
  "Pjoxt": {
    "logo": "https://static-cdn.jtvnw.net/jtv_user_pictures/pjoxt-profile_image-9be4fcfe6d619251-300x300.png",
    "link": "twitch.tv/Pjoxt"
  },
  "Pogington": {
    "logo": "https://static-cdn.jtvnw.net/jtv_user_pictures/pogington-profile_image-d245516321437de5-300x300.png",
    "link": "twitch.tv/Pogington"
  },
  "Pottoww": {
    "logo": "https://static-cdn.jtvnw.net/jtv_user_pictures/pottoww-profile_image-7d9c3a30f178449e-300x300.jpeg",
    "link": "twitch.tv/Pottoww"
  },
  "PreFiXAUT": {
    "logo": "https://static-cdn.jtvnw.net/jtv_user_pictures/prefixaut-profile_image-7ccbaa78d7cc5405-300x300.jpeg",
    "link": "twitch.tv/PreFiXAUT"
  },
  "Pull": {
    "logo": "https://static-cdn.jtvnw.net/jtv_user_pictures/pwulla-profile_image-9c00a53c21183145-300x300.png",
    "link": "twitch.tv/pwulla"
  },
  "Purjo83": {
    "logo": "https://static-cdn.jtvnw.net/jtv_user_pictures/purjo83-profile_image-d6100ce89a0bd02e-300x300.jpeg",
    "link": "twitch.tv/Purjo83"
  },
  "Qlex": {
    "logo": "https://static-cdn.jtvnw.net/jtv_user_pictures/tc_qlex-profile_image-3a979d4d593678c7-300x300.jpeg",
    "link": "twitch.tv/tc_qlex"
  },
  "Raccoon_1337": {
    "logo": "https://static-cdn.jtvnw.net/jtv_user_pictures/raccoon_1337-profile_image-73be43fa8eb7ce55-300x300.jpeg",
    "link": "twitch.tv/Raccoon_1337"
  },
  "RebelDragon95": {
    "logo": "https://static-cdn.jtvnw.net/jtv_user_pictures/rebeldragon95-profile_image-ab5fa902c80c2235-300x300.jpeg",
    "link": "twitch.tv/RebelDragon95"
  },
  "Respirte": {
    "logo": "https://static-cdn.jtvnw.net/jtv_user_pictures/respirte-profile_image-b2da6860c13f6f04-300x300.png",
    "link": "twitch.tv/Respirte"
  },
  "Ricky": {
    "logo": "https://static-cdn.jtvnw.net/jtv_user_pictures/tharixer-profile_image-50a8ade4f55c5f5d-300x300.jpeg",
    "link": "twitch.tv/tharixer"
  },
  "Riekelt": {
    "logo": "https://static-cdn.jtvnw.net/jtv_user_pictures/riekeltje-profile_image-42c6a78eb707c8cb-300x300.png",
    "link": "twitch.tv/riekeltje"
  },
  "RoboSparkle": {
    "logo": "https://static-cdn.jtvnw.net/jtv_user_pictures/robo_sparkle-profile_image-f4520defd89c84e6-300x300.jpeg",
    "link": "twitch.tv/robo_sparkle"
  },
  "Rueake": {
    "logo": null,
    "link": "twitch.tv/Rueake"
  },
  "Sajiki": {
    "logo": "https://static-cdn.jtvnw.net/jtv_user_pictures/sajiki-profile_image-0c5bc71660248647-300x300.jpeg",
    "link": "twitch.tv/Sajiki"
  },
  "Samtastic": {
    "logo": null,
    "link": "twitch.tv/samtastic95"
  },
  "SeductiveSpatula": {
    "logo": "https://static-cdn.jtvnw.net/jtv_user_pictures/seductivespatula-profile_image-2658e8c4428d384a-300x300.png",
    "link": "twitch.tv/SeductiveSpatula"
  },
  "SerSanju": {
    "logo": "https://static-cdn.jtvnw.net/jtv_user_pictures/sersanju-profile_image-5900ebb5cb1cbfb9-300x300.jpeg",
    "link": "twitch.tv/SerSanju"
  },
  "Shadax": {
    "logo": "https://static-cdn.jtvnw.net/jtv_user_pictures/shadax1-profile_image-3ee4d4a1ec5f7492-300x300.png",
    "link": "twitch.tv/shadax1"
  },
  "Shaddex": {
    "logo": "https://static-cdn.jtvnw.net/jtv_user_pictures/shaddex-profile_image-f0bb260a6d1a6bfa-300x300.png",
    "link": "twitch.tv/Shaddex"
  },
  "ShadowJacky": {
    "logo": "https://static-cdn.jtvnw.net/jtv_user_pictures/shadowjacky-profile_image-f902eae38a6b796a-300x300.jpeg",
    "link": "twitch.tv/ShadowJacky"
  },
  "Shiekrunner": {
    "logo": "https://static-cdn.jtvnw.net/jtv_user_pictures/shiekrunner-profile_image-d734bf0301fdde52-300x300.png",
    "link": "twitch.tv/Shiekrunner"
  },
  "Shigan": {
    "logo": "https://static-cdn.jtvnw.net/jtv_user_pictures/ryugu_no_shigan-profile_image-6e7065fd1d2f007e-300x300.png",
    "link": "twitch.tv/ryugu_no_shigan"
  },
  "Shirdel": {
    "logo": "https://static-cdn.jtvnw.net/jtv_user_pictures/shirdel-profile_image-0644093350057ebf-300x300.png",
    "link": "twitch.tv/Shirdel"
  },
  "SolarBowler": {
    "logo": "https://static-cdn.jtvnw.net/jtv_user_pictures/solarbowler-profile_image-63ad7fa1c29771f3-300x300.jpeg",
    "link": "twitch.tv/SolarBowler"
  },
  "Sphere": {
    "logo": "https://static-cdn.jtvnw.net/jtv_user_pictures/spheremj-profile_image-e82a41ec07afc94c-300x300.png",
    "link": "twitch.tv/spheremj"
  },
  "SuccinctAndPunchy": {
    "logo": "https://static-cdn.jtvnw.net/jtv_user_pictures/succinctandpunchy-profile_image-1013505cb460f09d-300x300.jpeg",
    "link": "twitch.tv/SuccinctAndPunchy"
  },
  "T1g3r_94": {
    "logo": "https://static-cdn.jtvnw.net/jtv_user_pictures/t1g3r_94-profile_image-530219a71d8e4c85-300x300.jpeg",
    "link": "twitch.tv/T1g3r_94"
  },
  "Tee-N-Tee": {
    "logo": "https://static-cdn.jtvnw.net/jtv_user_pictures/teentee314-profile_image-018bd84b947791c2-300x300.jpeg",
    "link": "twitch.tv/teentee314"
  },
  "Tezur0": {
    "logo": "https://static-cdn.jtvnw.net/jtv_user_pictures/tezur0-profile_image-cf2e9d9e941f4597-300x300.jpeg",
    "link": "twitch.tv/Tezur0"
  },
  "Tirean": {
    "logo": "https://static-cdn.jtvnw.net/jtv_user_pictures/tirean-profile_image-ecddbd499a9e8bab-300x300.jpeg",
    "link": "twitch.tv/Tirean"
  },
  "Tompa": {
    "logo": "https://static-cdn.jtvnw.net/jtv_user_pictures/tompa-profile_image-dafb63170a510b12-300x300.jpeg",
    "link": "twitch.tv/Tompa"
  },
  "Tyzerra": {
    "logo": "https://static-cdn.jtvnw.net/jtv_user_pictures/tyzerra-profile_image-01201bbdf4ca349a-300x300.png",
    "link": "twitch.tv/Tyzerra"
  },
  "UltimaOmega07": {
    "logo": "https://static-cdn.jtvnw.net/jtv_user_pictures/ultimaomega07-profile_image-5e5b06892f93f1e6-300x300.png",
    "link": "twitch.tv/UltimaOmega07"
  },
  "Vemirtar": {
    "logo": null,
    "link": "twitch.tv/Vemirtar"
  },
  "WERY": {
    "logo": null,
    "link": "twitch.tv/WERY"
  },
  "Yajijy": {
    "logo": "https://static-cdn.jtvnw.net/jtv_user_pictures/yajijy-profile_image-6f46ebcfbac0152a-300x300.png",
    "link": "twitch.tv/Yajijy"
  },
  "Zecks": {
    "logo": "https://static-cdn.jtvnw.net/jtv_user_pictures/zekks-profile_image-4a1aa7255d5ef0b0-300x300.png",
    "link": "twitch.tv/zekks"
  },
  "Zet": {
    "logo": "https://static-cdn.jtvnw.net/jtv_user_pictures/zet237-profile_image-33fa8c002190234c-300x300.png",
    "link": "twitch.tv/zet237"
  },
  "ajneb174": {
    "logo": "https://static-cdn.jtvnw.net/jtv_user_pictures/ajneb174-profile_image-5d83a1951984cea3-300x300.jpeg",
    "link": "twitch.tv/ajneb174"
  },
  "alowishus": {
    "logo": "https://static-cdn.jtvnw.net/jtv_user_pictures/alowishus-profile_image-16de88909b2c5da1-300x300.jpeg",
    "link": "twitch.tv/alowishus"
  },
  "andypanther": {
    "logo": "https://static-cdn.jtvnw.net/jtv_user_pictures/andypanther-profile_image-68388e647c75d006-300x300.png",
    "link": "twitch.tv/andypanther"
  },
  "bangerra": {
    "logo": "https://static-cdn.jtvnw.net/jtv_user_pictures/bangerra-profile_image-6b7612f03e4c90db-300x300.jpeg",
    "link": "twitch.tv/bangerra"
  },
  "bertin": {
    "logo": "https://static-cdn.jtvnw.net/jtv_user_pictures/sylux98-profile_image-686b287d1c1a8c92-300x300.png",
    "link": "twitch.tv/sylux98"
  },
  "btrim": {
    "logo": "https://static-cdn.jtvnw.net/jtv_user_pictures/btrim-profile_image-2324f951d0c05a9f-300x300.jpeg",
    "link": "twitch.tv/btrim"
  },
  "china": {
    "logo": "https://static-cdn.jtvnw.net/jtv_user_pictures/chinatsun-profile_image-2886697b8c907247-300x300.png",
    "link": "twitch.tv/chinatsun"
  },
  "criban": {
    "logo": "https://static-cdn.jtvnw.net/jtv_user_pictures/criban-profile_image-bc52d1e73975b66d-300x300.png",
    "link": "twitch.tv/criban"
  },
  "cruxit": {
    "logo": "https://static-cdn.jtvnw.net/jtv_user_pictures/cruxit-profile_image-5a981ce73c85e378-300x300.png",
    "link": "twitch.tv/cruxit"
  },
  "dxtr": {
    "logo": "https://static-cdn.jtvnw.net/jtv_user_pictures/dxtrslab-profile_image-61dff9e89d0e9062-300x300.png",
    "link": "twitch.tv/dxtrslab"
  },
  "epicdudeguy": {
    "logo": "https://static-cdn.jtvnw.net/jtv_user_pictures/epicdudeguy-profile_image-b9077f978458b266-300x300.png",
    "link": "twitch.tv/epicdudeguy"
  },
  "etholon": {
    "logo": "https://static-cdn.jtvnw.net/jtv_user_pictures/etholon-profile_image-d23aa04291efac5c-300x300.jpeg",
    "link": "twitch.tv/etholon"
  },
  "gvirus": {
    "logo": "https://static-cdn.jtvnw.net/jtv_user_pictures/tosagvirus-profile_image-432287953112e876-300x300.jpeg",
    "link": "twitch.tv/tosagvirus"
  },
  "heny": {
    "logo": "https://static-cdn.jtvnw.net/jtv_user_pictures/henyk-profile_image-b52527a9356f0008-300x300.png",
    "link": "twitch.tv/henyk"
  },
  "jelmeree": {
    "logo": "https://static-cdn.jtvnw.net/jtv_user_pictures/jelmeree-profile_image-8d0b163b68117107-300x300.png",
    "link": "twitch.tv/jelmeree"
  },
  "jodenstone": {
    "logo": "https://static-cdn.jtvnw.net/jtv_user_pictures/jodenstone-profile_image-744733d98a3af3a2-300x300.jpeg",
    "link": "twitch.tv/jodenstone"
  },
  "joka": {
    "logo": "https://static-cdn.jtvnw.net/jtv_user_pictures/jokaah-profile_image-bb8a1fffd90374a4-300x300.jpeg",
    "link": "twitch.tv/jokaah"
  },
  "karl__k": {
    "logo": "https://static-cdn.jtvnw.net/jtv_user_pictures/karl__k-profile_image-1cd4bb9d02b945e7-300x300.jpeg",
    "link": "twitch.tv/karl__k"
  },
  "kruskader": {
    "logo": "https://static-cdn.jtvnw.net/jtv_user_pictures/kruskader-profile_image-b341044c6ee6ceaa-300x300.png",
    "link": "twitch.tv/kruskader"
  },
  "laml": {
    "logo": "https://static-cdn.jtvnw.net/jtv_user_pictures/llaml-profile_image-1ba31c58537a1525-300x300.png",
    "link": "twitch.tv/llaml"
  },
  "mikl": {
    "logo": "https://static-cdn.jtvnw.net/jtv_user_pictures/thmcs-profile_image-fe38653599c91dd5-300x300.jpeg",
    "link": "twitch.tv/thmcs"
  },
  "molluskmoth": {
    "logo": "https://static-cdn.jtvnw.net/jtv_user_pictures/molluskmoth-profile_image-6e65946140ff9dc1-300x300.png",
    "link": "twitch.tv/molluskmoth"
  },
  "oasiz": {
    "logo": "https://static-cdn.jtvnw.net/jtv_user_pictures/oasiz____-profile_image-031fa79b23042d2d-300x300.png",
    "link": "twitch.tv/oasiz____"
  },
  "pitpo": {
    "logo": "https://static-cdn.jtvnw.net/jtv_user_pictures/pitp0-profile_image-35ffe8c9cb76a506-300x300.jpeg",
    "link": "twitch.tv/pitp0"
  },
  "pr0te": {
    "logo": "https://static-cdn.jtvnw.net/jtv_user_pictures/torelehmann-profile_image-75a40c64d299ccf0-300x300.png",
    "link": "twitch.tv/torelehmann"
  },
  "puppetmaster": {
    "logo": "https://static-cdn.jtvnw.net/jtv_user_pictures/esgpuppetmaster-profile_image-2e50ee39eaab5b62-300x300.jpeg",
    "link": "twitch.tv/esgpuppetmaster"
  },
  "randompinkbunny": {
    "logo": "https://static-cdn.jtvnw.net/jtv_user_pictures/randompinkbunny-profile_image-9f6208323993973b-300x300.png",
    "link": "twitch.tv/randompinkbunny"
  },
  "sheilalpoint": {
    "logo": null,
    "link": "twitch.tv/sheilalpoint"
  },
  "snapcase": {
    "logo": "https://static-cdn.jtvnw.net/jtv_user_pictures/snapcase_-profile_image-68fdfc026c884282-300x300.jpeg",
    "link": "twitch.tv/snapcase_"
  },
  "stenkaempen": {
    "logo": "https://static-cdn.jtvnw.net/jtv_user_pictures/stenkaempen-profile_image-6753bf097638b7e6-300x300.jpeg",
    "link": "twitch.tv/stenkaempen"
  },
  "tocaloni1": {
    "logo": "https://static-cdn.jtvnw.net/jtv_user_pictures/tocaloni1-profile_image-9c72270bd252cc52-300x300.png",
    "link": "twitch.tv/tocaloni1"
  },
  "tyriounet": {
    "logo": "https://static-cdn.jtvnw.net/jtv_user_pictures/tyriounet-profile_image-a6c86c7f72df90ff-300x300.png",
    "link": "twitch.tv/tyriounet"
  },
  "xRikux89": {
    "logo": "https://static-cdn.jtvnw.net/jtv_user_pictures/xrikux89-profile_image-4eb8bba304213b18-300x300.png",
    "link": "twitch.tv/xRikux89"
  },
  "zoton2": {
    "logo": "https://static-cdn.jtvnw.net/jtv_user_pictures/zoton2-profile_image-d6cd954b4f66ce39-300x300.png",
    "link": "twitch.tv/zoton2"
  },
  "Flippy_o": {
    "logo": "https://static-cdn.jtvnw.net/jtv_user_pictures/flippy_o-profile_image-e57599c436a150cd-300x300.png",
    "link": "twitch.tv/flippy_o"
  },
  "dwhatever": {
    "logo": "https://static-cdn.jtvnw.net/jtv_user_pictures/dwhatever-profile_image-791b81eb12ea26a1-300x300.png",
    "link": "twitch.tv/dwhatever"
  },
  "Noizeeh": {
    "logo": "https://static-cdn.jtvnw.net/jtv_user_pictures/noizeeh-profile_image-4af9094011e260a9-300x300.png",
    "link": "twitch.tv/noizeeh"
  },
  "MashSRL": {
    "logo": "https://static-cdn.jtvnw.net/jtv_user_pictures/mashsrl-profile_image-a85dab91e016d258-300x300.png",
    "link": "twitch.tv/mashsrl"
  },
  "srb": {
    "logo": null,
    "link": "https://www.youtube.com/channel/UCVlYqfquNFbZY2J-gnLqLxA"
  },
  "Everyone": {
    "logo": null,
    "link": null
  }
}