{
  "2dos": {
    "logo": "https://static-cdn.jtvnw.net/jtv_user_pictures/2dos-profile_image-c432e5c2455a21fd-300x300.jpeg",
    "link": "http://twitch.tv/2dos"
  },
  "Ahamplan": {
    "logo": "https://static-cdn.jtvnw.net/jtv_user_pictures/ahamplan-profile_image-8942087018c2e688-300x300.png",
    "link": "http://twitch.tv/Ahamplan"
  },
  "AlbinoAlbatross": {
    "logo": "https://static-cdn.jtvnw.net/jtv_user_pictures/albinoalbatross-profile_image-0b505c39dcb75a27-300x300.jpeg",
    "link": "http://twitch.tv/AlbinoAlbatross"
  },
  "Andy": {
    "logo": "https://static-cdn.jtvnw.net/jtv_user_pictures/andy-profile_image-4e83cf68a89e5b33-300x300.png",
    "link": "http://twitch.tv/Andy"
  },
  "Aquas": {
    "logo": "https://static-cdn.jtvnw.net/jtv_user_pictures/aquas_-profile_image-0305cdb3f0e92ede-300x300.png",
    "link": "http://twitch.tv/aquas_"
  },
  "ArcanicEight": {
    "logo": "https://static-cdn.jtvnw.net/jtv_user_pictures/arcanic_celtic-profile_image-263607214bb6c3c7-300x300.png",
    "link": "http://twitch.tv/arcanic_celtic"
  },
  "Bawkbasoup": {
    "logo": "https://static-cdn.jtvnw.net/jtv_user_pictures/bawkbasoup-profile_image-737868044a412a6a-300x300.jpeg",
    "link": "http://twitch.tv/Bawkbasoup"
  },
  "Behemoth87": {
    "logo": null,
    "link": "https://www.youtube.com/user/Giganotabehemoth87/videos"
  },
  "Blood_Thunder": {
    "logo": "https://static-cdn.jtvnw.net/jtv_user_pictures/bl00d_thunder-profile_image-0c772f1f0bb629e4-300x300.png",
    "link": "http://twitch.tv/bl00d_thunder"
  },
  "BluntBunny": {
    "logo": "https://static-cdn.jtvnw.net/jtv_user_pictures/bluntbunny-profile_image-3c68028180b179fb-300x300.png",
    "link": "http://twitch.tv/BluntBunny"
  },
  "Bonesaw577": {
    "logo": "https://static-cdn.jtvnw.net/jtv_user_pictures/bonesaw577-profile_image-f871000a7ee707c1-300x300.jpeg",
    "link": "http://twitch.tv/Bonesaw577"
  },
  "Bounceyboy": {
    "logo": "https://static-cdn.jtvnw.net/jtv_user_pictures/bounceyboy-profile_image-cb19d7b655c49888-300x300.png",
    "link": "http://twitch.tv/Bounceyboy"
  },
  "Bramz": {
    "logo": "https://static-cdn.jtvnw.net/jtv_user_pictures/mibramz-profile_image-367c9218889d8767-300x300.png",
    "link": "http://twitch.tv/mibramz"
  },
  "Breakdown": {
    "logo": null,
    "link": "http://twitch.tv/Breakdown"
  },
  "BubblesDelFuego": {
    "logo": "https://static-cdn.jtvnw.net/jtv_user_pictures/bubblesdelfuego-profile_image-efd5c584186c32b6-300x300.png",
    "link": "http://twitch.tv/BubblesDelFuego"
  },
  "CTConqueror": {
    "logo": "https://static-cdn.jtvnw.net/jtv_user_pictures/ctconqueror-profile_image-9946a8158ad591f8-300x300.jpeg",
    "link": "http://twitch.tv/CTConqueror"
  },
  "CapnClever": {
    "logo": "https://static-cdn.jtvnw.net/jtv_user_pictures/capnclever-profile_image-c80b326e260f7f58-300x300.png",
    "link": "http://twitch.tv/CapnClever"
  },
  "CardsOfTheHeart": {
    "logo": "https://static-cdn.jtvnw.net/jtv_user_pictures/cardsoftheheart-profile_image-c68b85e855b858df-300x300.jpeg",
    "link": "http://twitch.tv/CardsOfTheHeart"
  },
  "CavemanDCJ": {
    "logo": "https://static-cdn.jtvnw.net/jtv_user_pictures/cavemandcj-profile_image-eee5d4bc1451f754-300x300.png",
    "link": "http://twitch.tv/CavemanDCJ"
  },
  "Celestics": {
    "logo": "https://static-cdn.jtvnw.net/jtv_user_pictures/celestics-profile_image-f0fdbc88e7032282-300x300.png",
    "link": "http://twitch.tv/Celestics"
  },
  "ChaosArtisan": {
    "logo": null,
    "link": "http://twitch.tv/chaos_artisan"
  },
  "Charlie Armitz": {
    "logo": "https://static-cdn.jtvnw.net/jtv_user_pictures/exarionu-profile_image-94c0936e1b25c307-300x300.jpeg",
    "link": "http://twitch.tv/exarionu"
  },
  "Countdown42": {
    "logo": "https://static-cdn.jtvnw.net/jtv_user_pictures/countdown69-profile_image-fb99e4ffb8a9914c-300x300.png",
    "link": "http://twitch.tv/countdown69"
  },
  "CovertMuffin": {
    "logo": "https://static-cdn.jtvnw.net/jtv_user_pictures/covert_muffin-profile_image-d1ea353329ba429b-300x300.png",
    "link": "http://twitch.tv/covert_muffin"
  },
  "Cubeface": {
    "logo": "https://static-cdn.jtvnw.net/jtv_user_pictures/cubeface21-profile_image-0bb2af4f66930a76-300x300.jpeg",
    "link": "http://twitch.tv/cubeface21"
  },
  "CujoIHSV": {
    "logo": "https://static-cdn.jtvnw.net/jtv_user_pictures/cujoihsv-profile_image-14ff0b24ee506818-300x300.jpeg",
    "link": "http://twitch.tv/CujoIHSV"
  },
  "Dangerless": {
    "logo": "https://static-cdn.jtvnw.net/jtv_user_pictures/dangerless-profile_image-8ad9765f9fb472ca-300x300.jpeg",
    "link": "http://twitch.tv/Dangerless"
  },
  "Darkman78": {
    "logo": "https://static-cdn.jtvnw.net/jtv_user_pictures/thadarkman78-profile_image-b16731636ddef881-300x300.jpeg",
    "link": "http://twitch.tv/thadarkman78"
  },
  "DarkTerrex": {
    "logo": "https://static-cdn.jtvnw.net/jtv_user_pictures/darkterrex-profile_image-5d7c6fc0f1116023-300x300.jpeg",
    "link": "http://twitch.tv/DarkTerrex"
  },
  "Darkwing Duck": {
    "logo": "https://static-cdn.jtvnw.net/jtv_user_pictures/darkwing_duck_sda-profile_image-0e30d11b8785baf0-300x300.jpeg",
    "link": "http://twitch.tv/darkwing_duck_sda"
  },
  "Diamond": {
    "logo": "https://static-cdn.jtvnw.net/jtv_user_pictures/diamond44444444-profile_image-d2386000b412c0ef-300x300.jpeg",
    "link": "http://twitch.tv/Diamond44444444"
  },
  "Dime": {
    "logo": "https://static-cdn.jtvnw.net/jtv_user_pictures/kingdime-profile_image-53df2098af16d0ce-300x300.jpeg",
    "link": "http://twitch.tv/kingdime"
  },
  "DrTChops": {
    "logo": "https://static-cdn.jtvnw.net/jtv_user_pictures/drtchops-profile_image-51d7313d6edadfd9-300x300.jpeg",
    "link": "http://twitch.tv/DrTChops"
  },
  "Dragondarch": {
    "logo": "https://static-cdn.jtvnw.net/jtv_user_pictures/dragondarchsda-profile_image-2d5e08dc756173a4-300x300.jpeg",
    "link": "http://twitch.tv/dragondarchsda"
  },
  "Edobean": {
    "logo": "https://static-cdn.jtvnw.net/jtv_user_pictures/edobean-profile_image-790db0d4a6f06052-300x300.png",
    "link": "http://twitch.tv/Edobean"
  },
  "EeveeSpirit": {
    "logo": "https://static-cdn.jtvnw.net/jtv_user_pictures/eeveespirit-profile_image-97ab3956d165db20-300x300.jpeg",
    "link": "http://twitch.tv/EeveeSpirit"
  },
  "Emily Brooks": {
    "logo": "https://static-cdn.jtvnw.net/jtv_user_pictures/emilybrooks-profile_image-9bc9e994637361c3-300x300.png",
    "link": "http://twitch.tv/emilybrooks"
  },
  "EnchantressOfNumbers": {
    "logo": "https://static-cdn.jtvnw.net/jtv_user_pictures/enchantressofnumbers-profile_image-3b90df5b5e856286-300x300.jpeg",
    "link": "http://twitch.tv/EnchantressOfNumbers"
  },
  "Enkaybee": {
    "logo": "https://static-cdn.jtvnw.net/jtv_user_pictures/enkaybee-profile_image-1bd39035af306c82-300x300.jpeg",
    "link": "http://twitch.tv/Enkaybee"
  },
  "ExtraTricky": {
    "logo": "https://static-cdn.jtvnw.net/jtv_user_pictures/extratricky-profile_image-860c435a6e9228e0-300x300.png",
    "link": "http://twitch.tv/ExtraTricky"
  },
  "FearfulFerret": {
    "logo": "https://static-cdn.jtvnw.net/jtv_user_pictures/fearfulferret-profile_image-fb7c88e668fcfdc9-300x300.png",
    "link": "http://twitch.tv/FearfulFerret"
  },
  "Fearful Ferret": {
    "logo": "https://static-cdn.jtvnw.net/jtv_user_pictures/fearfulferret-profile_image-fb7c88e668fcfdc9-300x300.png",
    "link": "http://twitch.tv/FearfulFerret"
  },
  "FFR Pro 21": {
    "logo": "https://static-cdn.jtvnw.net/jtv_user_pictures/ffrpro21-profile_image-f2a4fccbb0b18c91-300x300.png",
    "link": "http://twitch.tv/ffrpro21"
  },
  "Fivves": {
    "logo": "https://static-cdn.jtvnw.net/jtv_user_pictures/fivves-profile_image-be3d09c106c46175-300x300.png",
    "link": "http://twitch.tv/Fivves"
  },
  "Fladervy": {
    "logo": "https://static-cdn.jtvnw.net/jtv_user_pictures/fladervy-profile_image-b408146fb3b46867-300x300.png",
    "link": "http://twitch.tv/Fladervy"
  },
  "GameJ06": {
    "logo": "https://static-cdn.jtvnw.net/jtv_user_pictures/gamej06-profile_image-c1c0dad6ee0eedb8-300x300.png",
    "link": "http://twitch.tv/GameJ06"
  },
  "GameOfTheWeek": {
    "logo": "https://static-cdn.jtvnw.net/jtv_user_pictures/gameoftheweek-profile_image-deb1f231e5a912a6-300x300.png",
    "link": "http://twitch.tv/GameOfTheWeek"
  },
  "Ghoul02": {
    "logo": "https://static-cdn.jtvnw.net/jtv_user_pictures/ghoul02-profile_image-d65fa6f2a5b238aa-300x300.png",
    "link": "http://twitch.tv/Ghoul02"
  },
  "Golden": {
    "logo": "https://static-cdn.jtvnw.net/jtv_user_pictures/go1den-profile_image-baa198d45c6c944a-300x300.jpeg",
    "link": "https://www.twitch.tv/go1den"
  },
  "GravelCrusher": {
    "logo": "https://static-cdn.jtvnw.net/jtv_user_pictures/gravelcrusher-profile_image-da8e0700b55f91cb-300x300.png",
    "link": "http://twitch.tv/GravelCrusher"
  },
  "Grimelios": {
    "logo": "https://static-cdn.jtvnw.net/jtv_user_pictures/grimelios-profile_image-1c70f2e27ec775cd-300x300.png",
    "link": "http://twitch.tv/Grimelios"
  },
  "Gunnermaniac3": {
    "logo": "https://static-cdn.jtvnw.net/jtv_user_pictures/gunnermaniac3-profile_image-9655233bf5409b42-300x300.png",
    "link": "http://twitch.tv/Gunnermaniac3"
  },
  "Gymfreak739": {
    "logo": "https://static-cdn.jtvnw.net/jtv_user_pictures/gymfreak739-profile_image-63dbbea2946fcb5c-300x300.jpeg",
    "link": "http://twitch.tv/Gymfreak739"
  },
  "Gyre": {
    "logo": "https://static-cdn.jtvnw.net/jtv_user_pictures/gyre_-profile_image-3c95c9d9d8b440df-300x300.jpeg",
    "link": "http://twitch.tv/gyre_"
  },
  "Halfcoordinated": {
    "logo": "https://static-cdn.jtvnw.net/jtv_user_pictures/halfcoordinated-profile_image-6aabf8fbe3ac2a74-300x300.png",
    "link": "http://twitch.tv/Halfcoordinated"
  },
  "HastyAether": {
    "logo": "https://static-cdn.jtvnw.net/jtv_user_pictures/hastyaether-profile_image-e74be13aa05ce60d-300x300.png",
    "link": "http://twitch.tv/HastyAether"
  },
  "Heinki": {
    "logo": "https://static-cdn.jtvnw.net/jtv_user_pictures/heinki-profile_image-0fced5e0ded93ed9-300x300.jpeg",
    "link": "http://twitch.tv/Heinki"
  },
  "Hornlitz": {
    "logo": "https://static-cdn.jtvnw.net/jtv_user_pictures/hornlitz-profile_image-970cc0bc3fd93d48-300x300.jpeg",
    "link": "http://twitch.tv/Hornlitz"
  },
  "Iateyourpie": {
    "logo": "https://static-cdn.jtvnw.net/jtv_user_pictures/iateyourpie-profile_image-c6e9804dd1b1dd35-300x300.png",
    "link": "http://twitch.tv/Iateyourpie"
  },
  "Iceless": {
    "logo": "https://static-cdn.jtvnw.net/jtv_user_pictures/calebhart42-profile_image-7b4b7f6f663bf4a6-300x300.jpeg",
    "link": "http://twitch.tv/calebhart42"
  },
  "calebhart42": {
    "logo": "https://static-cdn.jtvnw.net/jtv_user_pictures/calebhart42-profile_image-7b4b7f6f663bf4a6-300x300.jpeg",
    "link": "http://twitch.tv/calebhart42"
  },
  "Irisjoker": {
    "logo": "https://static-cdn.jtvnw.net/jtv_user_pictures/irisjoker-profile_image-3df2c087475ee670-300x300.png",
    "link": "http://twitch.tv/Irisjoker"
  },
  "Ivan": {
    "logo": "https://static-cdn.jtvnw.net/jtv_user_pictures/ivan-profile_image-3a7d49b980474bae-300x300.png",
    "link": "http://twitch.tv/Ivan"
  },
  "JamEvil": {
    "logo": "https://static-cdn.jtvnw.net/jtv_user_pictures/jameviler-profile_image-520336a31dbd8766-300x300.png",
    "link": "http://twitch.tv/jameviler"
  },
  "JustinDM": {
    "logo": "https://static-cdn.jtvnw.net/jtv_user_pictures/justindm_speedruns-profile_image-b8cc25d83f94cf63-300x300.png",
    "link": "http://twitch.tv/justindm_speedruns"
  },
  "Keizaron": {
    "logo": "https://static-cdn.jtvnw.net/jtv_user_pictures/keizaron-profile_image-4a92f96124b3fc86-300x300.png",
    "link": "http://twitch.tv/Keizaron"
  },
  "Keverage": {
    "logo": "https://static-cdn.jtvnw.net/jtv_user_pictures/keverage-profile_image-acd80d8934b630a2-300x300.png",
    "link": "http://twitch.tv/Keverage"
  },
  "KevinDDR": {
    "logo": "https://static-cdn.jtvnw.net/jtv_user_pictures/kevinddr-profile_image-89d05f71e9db7ac5-300x300.jpeg",
    "link": "http://twitch.tv/KevinDDR"
  },
  "Klaige": {
    "logo": "https://static-cdn.jtvnw.net/jtv_user_pictures/klaige-profile_image-6c97bb34827ce7c3-300x300.png",
    "link": "http://twitch.tv/Klaige"
  },
  "Konasumi": {
    "logo": "https://static-cdn.jtvnw.net/jtv_user_pictures/konasumi-profile_image-1ff9d0876b01d0f2-300x300.jpeg",
    "link": "http://twitch.tv/Konasumi"
  },
  "Kronicsauce": {
    "logo": "https://static-cdn.jtvnw.net/jtv_user_pictures/kronicsauce-profile_image-9c70c7310b4d5cdf-300x300.png",
    "link": "http://twitch.tv/Kronicsauce"
  },
  "Kruncha": {
    "logo": "https://static-cdn.jtvnw.net/jtv_user_pictures/kruncha-profile_image-acceef5dd5b00f7b-300x300.jpeg",
    "link": "http://twitch.tv/Kruncha"
  },
  "Kythol": {
    "logo": "https://static-cdn.jtvnw.net/jtv_user_pictures/kythol-profile_image-83fa6c7f5bf632e7-300x300.jpeg",
    "link": "http://twitch.tv/Kythol"
  },
  "LP3Cinema": {
    "logo": "https://static-cdn.jtvnw.net/jtv_user_pictures/lp3cinema-profile_image-c0fdff0dbc1d46b2-300x300.jpeg",
    "link": "http://twitch.tv/LP3Cinema"
  },
  "LackAttack24": {
    "logo": "https://static-cdn.jtvnw.net/jtv_user_pictures/lackattack24-profile_image-f631a7f04c5bce08-300x300.png",
    "link": "http://twitch.tv/LackAttack24"
  },
  "LivelyRaccoon": {
    "logo": "https://static-cdn.jtvnw.net/jtv_user_pictures/livelyraccoon-profile_image-46ed59ffef29619f-300x300.png",
    "link": "http://twitch.tv/LivelyRaccoon"
  },
  "Masterjun": {
    "logo": null,
    "link": "https://www.youtube.com/user/Masterjun3"
  },
  "MattyIce3131": {
    "logo": "https://static-cdn.jtvnw.net/jtv_user_pictures/mattyice3131-profile_image-96f82af3bc7a39eb-300x300.png",
    "link": "http://twitch.tv/MattyIce3131"
  },
  "Maxylobes": {
    "logo": "https://static-cdn.jtvnw.net/jtv_user_pictures/maxylobes-profile_image-243b89e0213d0fce-300x300.png",
    "link": "http://twitch.tv/Maxylobes"
  },
  "MechaRichter": {
    "logo": "https://static-cdn.jtvnw.net/jtv_user_pictures/mecharichter-profile_image-d6e2e89c9af845ee-300x300.jpeg",
    "link": "http://twitch.tv/MechaRichter"
  },
  "Mecha Richter": {
    "logo": "https://static-cdn.jtvnw.net/jtv_user_pictures/mecharichter-profile_image-d6e2e89c9af845ee-300x300.jpeg",
    "link": "http://twitch.tv/MechaRichter"
  },
  "MickeyGnou": {
    "logo": "https://static-cdn.jtvnw.net/jtv_user_pictures/mickeygnou-profile_image-54df381c0140385f-300x300.jpeg",
    "link": "http://twitch.tv/MickeyGnou"
  },
  "MooMooAkai": {
    "logo": "https://static-cdn.jtvnw.net/jtv_user_pictures/moomooakai-profile_image-dba3b7e58d528ed2-300x300.jpeg",
    "link": "http://twitch.tv/MooMooAkai"
  },
  "MrLlamaSC": {
    "logo": "https://static-cdn.jtvnw.net/jtv_user_pictures/mrllamasc-profile_image-734e13e7ee0b1ee9-300x300.jpeg",
    "link": "http://twitch.tv/MrLlamaSC"
  },
  "Mr_Shasta": {
    "logo": "https://static-cdn.jtvnw.net/jtv_user_pictures/mr_shasta-profile_image-3954a3d38adc91d0-300x300.jpeg",
    "link": "http://twitch.tv/Mr_Shasta"
  },
  "Mr_Weables": {
    "logo": "https://static-cdn.jtvnw.net/jtv_user_pictures/mr_weables-profile_image-09ba00bb429d4399-300x300.png",
    "link": "http://twitch.tv/Mr_Weables"
  },
  "Mundungu": {
    "logo": "https://static-cdn.jtvnw.net/jtv_user_pictures/mundungu-profile_image-02311263bce560cf-300x300.jpeg",
    "link": "http://twitch.tv/Mundungu"
  },
  "NME": {
    "logo": "https://static-cdn.jtvnw.net/jtv_user_pictures/nmetv-profile_image-dd94ed7ce4166712-300x300.png",
    "link": "http://twitch.tv/nmetv"
  },
  "NachoYacopu": {
    "logo": "https://static-cdn.jtvnw.net/jtv_user_pictures/nachoyacopu-profile_image-c7c5f7eaca95f86f-300x300.png",
    "link": "http://twitch.tv/NachoYacopu"
  },
  "NotSoNewby": {
    "logo": "https://static-cdn.jtvnw.net/jtv_user_pictures/notsonewby-profile_image-93667d15f53a8cf0-300x300.jpeg",
    "link": "http://twitch.tv/NotSoNewby"
  },
  "Omnigamer": {
    "logo": "https://static-cdn.jtvnw.net/jtv_user_pictures/omnigamer-profile_image-bb8f6d3f03b9f3bb-300x300.jpeg",
    "link": "http://twitch.tv/Omnigamer"
  },
  "PJ": {
    "logo": "https://static-cdn.jtvnw.net/jtv_user_pictures/pjdicesare-profile_image-15e8b1b4f831b48c-300x300.png",
    "link": "http://twitch.tv/pjdicesare"
  },
  "Pearstrike": {
    "logo": "https://static-cdn.jtvnw.net/jtv_user_pictures/pearstrike-profile_image-5ebce869583759d0-300x300.png",
    "link": "http://twitch.tv/Pearstrike"
  },
  "Piticarus": {
    "logo": "https://static-cdn.jtvnw.net/jtv_user_pictures/piticarus_xd-profile_image-47b5746e1ae6e7df-300x300.jpeg",
    "link": "https://www.twitch.tv/piticarus_xd"
  },
  "Poochy.EXE": {
    "logo": "https://static-cdn.jtvnw.net/jtv_user_pictures/poochyexe-profile_image-ce0ddb2d31d06b5b-300x300.jpeg",
    "link": "http://twitch.tv/poochyexe"
  },
  "Prince_Leaf": {
    "logo": null,
    "link": "http://twitch.tv/Prince_Leaf"
  },
  "Pro_JN": {
    "logo": "https://static-cdn.jtvnw.net/jtv_user_pictures/pro_jn-profile_image-04bce9e3cab085cd-300x300.png",
    "link": "http://twitch.tv/Pro_JN"
  },
  "Protomagicalgirl": {
    "logo": "https://static-cdn.jtvnw.net/jtv_user_pictures/protomagicalgirl-profile_image-3cf9344c4fe2ccd2-300x300.jpeg",
    "link": "http://twitch.tv/Protomagicalgirl"
  },
  "Puri_Puri": {
    "logo": "https://static-cdn.jtvnw.net/jtv_user_pictures/puri_puri-profile_image-4234b25523a20128-300x300.jpeg",
    "link": "http://twitch.tv/Puri_Puri"
  },
  "Qlex": {
    "logo": "https://static-cdn.jtvnw.net/jtv_user_pictures/tc_qlex-profile_image-3a979d4d593678c7-300x300.jpeg",
    "link": "http://twitch.tv/tc_qlex"
  },
  "Raelcun": {
    "logo": "https://static-cdn.jtvnw.net/jtv_user_pictures/raelcun-profile_image-01db121f83fb1ddb-300x300.jpeg",
    "link": "http://twitch.tv/Raelcun"
  },
  "Raikaru": {
    "logo": "https://static-cdn.jtvnw.net/jtv_user_pictures/raikaru13-profile_image-933dc9e77b3d9b99-300x300.png",
    "link": "http://twitch.tv/raikaru13"
  },
  "RbdJellyfish": {
    "logo": "https://static-cdn.jtvnw.net/jtv_user_pictures/rbdjellyfish-profile_image-9696e03ce3b11a0a-300x300.png",
    "link": "http://twitch.tv/RbdJellyfish"
  },
  "Ribbedkilla": {
    "logo": "https://static-cdn.jtvnw.net/jtv_user_pictures/ribbedkilla-profile_image-388e50dc025c7d33-300x300.png",
    "link": "http://twitch.tv/Ribbedkilla"
  },
  "RogueLink": {
    "logo": "https://static-cdn.jtvnw.net/jtv_user_pictures/roguelink-profile_image-37c3d83ea4386476-300x300.jpeg",
    "link": "http://twitch.tv/RogueLink"
  },
  "SavageDreamLord": {
    "logo": "https://static-cdn.jtvnw.net/jtv_user_pictures/savagedreamlord-profile_image-e72ebc81fbfb184c-300x300.jpeg",
    "link": "http://twitch.tv/SavageDreamLord"
  },
  "Seak1ng": {
    "logo": "https://static-cdn.jtvnw.net/jtv_user_pictures/seak1ng-profile_image-06dac1226ca04a8e-300x300.png",
    "link": "http://twitch.tv/Seak1ng"
  },
  "SecksWrecks": {
    "logo": "https://static-cdn.jtvnw.net/jtv_user_pictures/seckswrecks-profile_image-9abdc1abeeb80031-300x300.png",
    "link": "http://twitch.tv/SecksWrecks"
  },
  "Sent": {
    "logo": null,
    "link": "http://twitch.tv/Sent"
  },
  "Shaddex": {
    "logo": "https://static-cdn.jtvnw.net/jtv_user_pictures/shaddex-profile_image-f0bb260a6d1a6bfa-300x300.png",
    "link": "http://twitch.tv/Shaddex"
  },
  "ShiningDragoon": {
    "logo": "https://static-cdn.jtvnw.net/jtv_user_pictures/shiningdragoon-profile_image-baccc23dac9e7c9e-300x300.jpeg",
    "link": "http://twitch.tv/ShiningDragoon"
  },
  "Simpol": {
    "logo": "https://static-cdn.jtvnw.net/jtv_user_pictures/simpoldood-profile_image-a4efe232e218cebb-300x300.png",
    "link": "http://twitch.tv/simpoldood"
  },
  "Sivade35": {
    "logo": "https://static-cdn.jtvnw.net/jtv_user_pictures/sivade-profile_image-42cafca874249ec4-300x300.png",
    "link": "http://twitch.tv/sivade"
  },
  "Skavenger216": {
    "logo": "https://static-cdn.jtvnw.net/jtv_user_pictures/skavenger216-profile_image-0b3fd03a96bf5ad6-300x300.jpeg",
    "link": "http://twitch.tv/Skavenger216"
  },
  "SpootyBiscuit": {
    "logo": "https://static-cdn.jtvnw.net/jtv_user_pictures/spootybiscuit-profile_image-387ae1b25264b14b-300x300.png",
    "link": "http://twitch.tv/SpootyBiscuit"
  },
  "Starwin": {
    "logo": "https://static-cdn.jtvnw.net/jtv_user_pictures/starwin-profile_image-df7a42fe28596ae5-300x300.png",
    "link": "http://twitch.tv/Starwin"
  },
  "Straevaras": {
    "logo": "https://static-cdn.jtvnw.net/jtv_user_pictures/straevaras-profile_image-6e583af71b8d08c8-300x300.jpeg",
    "link": "http://twitch.tv/Straevaras"
  },
  "Studio": {
    "logo": "https://static-cdn.jtvnw.net/jtv_user_pictures/sovietwaffle-profile_image-80199aeeafd19c99-300x300.jpeg",
    "link": "http://twitch.tv/sovietwaffle"
  },
  "Talon2461": {
    "logo": "https://static-cdn.jtvnw.net/jtv_user_pictures/talon2461-profile_image-1bd9ede3b4e9d61e-300x300.jpeg",
    "link": "http://twitch.tv/Talon2461"
  },
  "TechCrew": {
    "logo": null,
    "link": null
  },
  "Tech Crew": {
    "logo": null,
    "link": null
  },
  "TheBlazeJp": {
    "logo": "https://static-cdn.jtvnw.net/jtv_user_pictures/theblazejp-profile_image-4312b384b03fe427-300x300.png",
    "link": "http://twitch.tv/TheBlazeJp"
  },
  "The Blaze Jp": {
    "logo": "https://static-cdn.jtvnw.net/jtv_user_pictures/theblazejp-profile_image-4312b384b03fe427-300x300.png",
    "link": "http://twitch.tv/TheBlazeJp"
  },
  "TheBoshos": {
    "logo": "https://static-cdn.jtvnw.net/jtv_user_pictures/theboshos-profile_image-769dcc59c9a25ae1-300x300.jpeg",
    "link": "http://twitch.tv/TheBoshos"
  },
  "TheDrifter18": {
    "logo": "https://static-cdn.jtvnw.net/jtv_user_pictures/thedrifter18-profile_image-fa1cd4d329e42601-300x300.png",
    "link": "http://twitch.tv/TheDrifter18"
  },
  "TheFuncannon": {
    "logo": "https://static-cdn.jtvnw.net/jtv_user_pictures/thefuncannon-profile_image-526136625e0f7828-300x300.png",
    "link": "http://twitch.tv/TheFuncannon"
  },
  "Thursday": {
    "logo": "https://static-cdn.jtvnw.net/jtv_user_pictures/thursday__-profile_image-6aead594f7815520-300x300.jpeg",
    "link": "http://twitch.tv/thursday__"
  },
  "TonesBalones": {
    "logo": "https://static-cdn.jtvnw.net/jtv_user_pictures/tonesbalones-profile_image-bccbef59cdb7f6c5-300x300.png",
    "link": "http://twitch.tv/TonesBalones"
  },
  "TonyOgbot": {
    "logo": "https://static-cdn.jtvnw.net/jtv_user_pictures/tonyogbot_-profile_image-4302644f3a125274-300x300.jpeg",
    "link": "http://twitch.tv/tonyogbot_"
  },
  "TrUShade": {
    "logo": "https://static-cdn.jtvnw.net/jtv_user_pictures/trushade-profile_image-0056421d88b9c6d5-300x300.png",
    "link": "http://twitch.tv/TrUShade"
  },
  "Trogdor": {
    "logo": "https://static-cdn.jtvnw.net/jtv_user_pictures/trogdor-profile_image-f9dd4f71cd8e7141-300x300.png",
    "link": "http://twitch.tv/Trogdor"
  },
  "V0oid": {
    "logo": "https://static-cdn.jtvnw.net/jtv_user_pictures/v0oid-profile_image-b9b4bae849ba1921-300x300.png",
    "link": "http://twitch.tv/V0oid"
  },
  "Vaati": {
    "logo": "https://static-cdn.jtvnw.net/jtv_user_pictures/vaaticate-profile_image-9d798f511cd85485-300x300.jpeg",
    "link": "http://twitch.tv/vaaticate"
  },
  "Vantier": {
    "logo": "https://static-cdn.jtvnw.net/jtv_user_pictures/vantier-profile_image-74941cba7d6da034-300x300.jpeg",
    "link": "http://twitch.tv/Vantier"
  },
  "Vulajin": {
    "logo": "https://static-cdn.jtvnw.net/jtv_user_pictures/vulajin-profile_image-68a5b26b920ba1a5-300x300.png",
    "link": "http://twitch.tv/Vulajin"
  },
  "Vyreck": {
    "logo": "https://static-cdn.jtvnw.net/jtv_user_pictures/vyreck-profile_image-df687ccf8cfa8999-300x300.jpeg",
    "link": "http://twitch.tv/Vyreck"
  },
  "Wobs23": {
    "logo": "https://static-cdn.jtvnw.net/jtv_user_pictures/wobs23-profile_image-3ab12fef522072d6-300x300.jpeg",
    "link": "http://twitch.tv/Wobs23"
  },
  "YellowKillerBee": {
    "logo": "https://static-cdn.jtvnw.net/jtv_user_pictures/yellowkillerbee-profile_image-5c8454bceb965824-300x300.jpeg",
    "link": "http://twitch.tv/YellowKillerBee"
  },
  "Yoshipro101": {
    "logo": "https://static-cdn.jtvnw.net/jtv_user_pictures/yoshipro101-profile_image-0796ec0047d6e2bc-300x300.jpeg",
    "link": "http://twitch.tv/Yoshipro101"
  },
  "Zmaster91": {
    "logo": "https://static-cdn.jtvnw.net/jtv_user_pictures/zmaster91-profile_image-21c99bbbdfe35cde-300x300.png",
    "link": "http://twitch.tv/Zmaster91"
  },
  "_VB": {
    "logo": "https://static-cdn.jtvnw.net/jtv_user_pictures/vb_srl-profile_image-f419efdabc3f7880-300x300.png",
    "link": "http://twitch.tv/vb_srl"
  },
  "agwawaf": {
    "logo": null,
    "link": "https://www.youtube.com/user/agwawaf"
  },
  "almondcity": {
    "logo": "https://static-cdn.jtvnw.net/jtv_user_pictures/almondcity-profile_image-37b61efc33a422c7-300x300.jpeg",
    "link": "http://twitch.tv/almondcity"
  },
  "altabiscuit": {
    "logo": "https://static-cdn.jtvnw.net/jtv_user_pictures/altabiscuit-profile_image-ee23619e5dc9d638-300x300.png",
    "link": "http://twitch.tv/altabiscuit"
  },
  "aperturegrillz": {
    "logo": "https://static-cdn.jtvnw.net/jtv_user_pictures/aperturegrillz-profile_image-e0134a27c2a11b04-300x300.png",
    "link": "http://twitch.tv/aperturegrillz"
  },
  "bichphuongballz": {
    "logo": "https://static-cdn.jtvnw.net/jtv_user_pictures/bichphuongballz-profile_image-b6f742517a6f1a4b-300x300.png",
    "link": "http://twitch.tv/bichphuongballz"
  },
  "cwolf20": {
    "logo": "https://static-cdn.jtvnw.net/jtv_user_pictures/cwolf2012-profile_image-c6e6d9d340869178-300x300.jpeg",
    "link": "http://twitch.tv/cwolf2012"
  },
  "dannyb21892": {
    "logo": "https://static-cdn.jtvnw.net/jtv_user_pictures/dannyb21892-profile_image-3b42ddff1c13337e-300x300.jpeg",
    "link": "http://twitch.tv/dannyb21892"
  },
  "danray": {
    "logo": "https://static-cdn.jtvnw.net/jtv_user_pictures/danray2352-profile_image-9b24708882ceef8c-300x300.png",
    "link": "http://twitch.tv/danray2352"
  },
  "darkwing_duck_sda": {
    "logo": "https://static-cdn.jtvnw.net/jtv_user_pictures/darkwing_duck_sda-profile_image-0e30d11b8785baf0-300x300.jpeg",
    "link": "http://twitch.tv/darkwing_duck_sda"
  },
  "digshake": {
    "logo": "https://static-cdn.jtvnw.net/jtv_user_pictures/digshake-profile_image-cd18e637f985312b-300x300.jpeg",
    "link": "http://twitch.tv/digshake"
  },
  "doubletaco": {
    "logo": "https://static-cdn.jtvnw.net/jtv_user_pictures/doubletaco-profile_image-a6d692279c7791bf-300x300.jpeg",
    "link": "http://twitch.tv/doubletaco"
  },
  "druvan7": {
    "logo": "https://static-cdn.jtvnw.net/jtv_user_pictures/druvan7-profile_image-bc665d04e77f156b-300x300.png",
    "link": "http://twitch.tv/druvan7"
  },
  "dwangoAC": {
    "logo": "https://static-cdn.jtvnw.net/jtv_user_pictures/dwangoac-profile_image-2485e7aab13efd69-300x300.png",
    "link": "http://twitch.tv/dwangoAC"
  },
  "eBloodyCandy": {
    "logo": "https://static-cdn.jtvnw.net/jtv_user_pictures/ebloodycandy-profile_image-57f16b33ddff81c6-300x300.png",
    "link": "http://twitch.tv/eBloodyCandy"
  },
  "eddaket": {
    "logo": "https://static-cdn.jtvnw.net/jtv_user_pictures/eddaket-profile_image-3418ab36e995822e-300x300.png",
    "link": "http://twitch.tv/eddaket"
  },
  "emilybrooks": {
    "logo": "https://static-cdn.jtvnw.net/jtv_user_pictures/emilybrooks-profile_image-9bc9e994637361c3-300x300.png",
    "link": "http://twitch.tv/emilybrooks"
  },
  "error72": {
    "logo": "https://static-cdn.jtvnw.net/jtv_user_pictures/error72-profile_image-2599d29c8a878a22-300x300.png",
    "link": "http://twitch.tv/error72"
  },
  "exarionu": {
    "logo": "https://static-cdn.jtvnw.net/jtv_user_pictures/exarionu-profile_image-94c0936e1b25c307-300x300.jpeg",
    "link": "http://twitch.tv/exarionu"
  },
  "fastatcc": {
    "logo": "https://static-cdn.jtvnw.net/jtv_user_pictures/fastatcc-profile_image-25ff2a5d51259bb5-300x300.png",
    "link": "http://twitch.tv/fastatcc"
  },
  "feasel": {
    "logo": "https://static-cdn.jtvnw.net/jtv_user_pictures/feasel-profile_image-2e36f264fe26c661-300x300.png",
    "link": "http://twitch.tv/feasel"
  },
  "ffrpro21": {
    "logo": "https://static-cdn.jtvnw.net/jtv_user_pictures/ffrpro21-profile_image-f2a4fccbb0b18c91-300x300.png",
    "link": "http://twitch.tv/ffrpro21"
  },
  "glasnonck": {
    "logo": "https://static-cdn.jtvnw.net/jtv_user_pictures/glasnonck-profile_image-643a59bb0a7db21a-300x300.png",
    "link": "http://twitch.tv/glasnonck"
  },
  "grandpoobear": {
    "logo": "https://static-cdn.jtvnw.net/jtv_user_pictures/grand_poobear-profile_image-1383c3d09c3ea939-300x300.png",
    "link": "http://twitch.tv/grand_poobear"
  },
  "infinitemystery": {
    "logo": "https://static-cdn.jtvnw.net/jtv_user_pictures/infinitemystery-profile_image-3ea190465a680382-300x300.png",
    "link": "http://twitch.tv/infinitemystery"
  },
  "johncarls": {
    "logo": "https://static-cdn.jtvnw.net/jtv_user_pictures/johncarls-profile_image-c7ea93343d1be70d-300x300.jpeg",
    "link": "http://twitch.tv/johncarls"
  },
  "lildingus": {
    "logo": "https://static-cdn.jtvnw.net/jtv_user_pictures/lildingus-profile_image-90ad811425b52fe4-300x300.jpeg",
    "link": "http://twitch.tv/lildingus"
  },
  "link_7777": {
    "logo": "https://static-cdn.jtvnw.net/jtv_user_pictures/link_7777-profile_image-5d0f4857b945ecf8-300x300.jpeg",
    "link": "http://twitch.tv/link_7777"
  },
  "michael_goldfish": {
    "logo": "https://static-cdn.jtvnw.net/jtv_user_pictures/michael_goldfish-profile_image-bae7205bcb8bab75-300x300.png",
    "link": "http://twitch.tv/michael_goldfish"
  },
  "mitchflowerpower": {
    "logo": "https://static-cdn.jtvnw.net/jtv_user_pictures/mitchflowerpower-profile_image-86918029c3b0f9d9-300x300.png",
    "link": "http://twitch.tv/mitchflowerpower"
  },
  "mudjoe2": {
    "logo": "https://static-cdn.jtvnw.net/jtv_user_pictures/mudjoe2-profile_image-1a71dbeecc478c9c-300x300.jpeg",
    "link": "http://twitch.tv/mudjoe2"
  },
  "oatsngoats": {
    "logo": "https://static-cdn.jtvnw.net/jtv_user_pictures/oatsngoats-profile_image-1f25900ea1daf955-300x300.png",
    "link": "http://twitch.tv/oatsngoats"
  },
  "opus": {
    "logo": "https://static-cdn.jtvnw.net/jtv_user_pictures/opus614-profile_image-6975c4f5d28f0925-300x300.png",
    "link": "http://twitch.tv/opus614"
  },
  "orsa": {
    "logo": "https://static-cdn.jtvnw.net/jtv_user_pictures/orsa-profile_image-fd7a14c0584ca757-300x300.jpeg",
    "link": "http://twitch.tv/orsa"
  },
  "pcull44444": {
    "logo": "https://static-cdn.jtvnw.net/jtv_user_pictures/pcull44444-profile_image-25f04bd0b20f9b5b-300x300.png",
    "link": "http://twitch.tv/pcull44444"
  },
  "peaches_": {
    "logo": "https://static-cdn.jtvnw.net/jtv_user_pictures/peaches-profile_image-e8569597e6606085-300x300.jpeg",
    "link": "http://twitch.tv/peaches"
  },
  "pok3monrocks": {
    "logo": "https://static-cdn.jtvnw.net/jtv_user_pictures/pok3monrocks-profile_image-1c706ec82f4768d8-300x300.jpeg",
    "link": "http://twitch.tv/pok3monrocks"
  },
  "progamingwithed": {
    "logo": "https://static-cdn.jtvnw.net/jtv_user_pictures/progamingwithed-profile_image-f431b47ba9e10995-300x300.png",
    "link": "http://twitch.tv/progamingwithed"
  },
  "psychoripper": {
    "logo": "https://static-cdn.jtvnw.net/jtv_user_pictures/psychoripper-profile_image-c2042bcdacde432d-300x300.jpeg",
    "link": "http://twitch.tv/psychoripper"
  },
  "puwexil": {
    "logo": "https://static-cdn.jtvnw.net/jtv_user_pictures/puwexil-profile_image-0a3da9a0ee3b69b9-300x300.jpeg",
    "link": "http://twitch.tv/puwexil"
  },
  "rezephos": {
    "logo": "https://static-cdn.jtvnw.net/jtv_user_pictures/rezephos-profile_image-5952f50f69510d20-300x300.png",
    "link": "http://twitch.tv/rezephos"
  },
  "romscout": {
    "logo": "https://static-cdn.jtvnw.net/jtv_user_pictures/romscout-profile_image-98f95793237264b9-300x300.jpeg",
    "link": "http://twitch.tv/romscout"
  },
  "saintmillion": {
    "logo": "https://static-cdn.jtvnw.net/jtv_user_pictures/saintmillion-profile_image-41d705f9f3f42799-300x300.png",
    "link": "http://twitch.tv/saintmillion"
  },
  "soothingplumtea": {
    "logo": "https://static-cdn.jtvnw.net/jtv_user_pictures/plumtea_-profile_image-7f8afd19f25d5900-300x300.png",
    "link": "http://twitch.tv/plumtea_"
  },
  "SpikeVegeta": {
    "logo": "https://static-cdn.jtvnw.net/jtv_user_pictures/spikevegeta-profile_image-4ccba409d6b18a3f-300x300.jpeg",
    "link": "http://twitch.tv/spikevegeta"
  },
  "spikevegeta": {
    "logo": "https://static-cdn.jtvnw.net/jtv_user_pictures/spikevegeta-profile_image-4ccba409d6b18a3f-300x300.jpeg",
    "link": "http://twitch.tv/spikevegeta"
  },
  "sweetnumb": {
    "logo": "https://static-cdn.jtvnw.net/jtv_user_pictures/sweetnumb-profile_image-0836f860c36e1dbd-300x300.jpeg",
    "link": "http://twitch.tv/sweetnumb"
  },
  "swordsmankirby": {
    "logo": "https://static-cdn.jtvnw.net/jtv_user_pictures/swordsmankirby-profile_image-ae62c94c1fa87f2e-300x300.jpeg",
    "link": "http://twitch.tv/swordsmankirby"
  },
  "takaze": {
    "logo": "https://static-cdn.jtvnw.net/jtv_user_pictures/takazetv-profile_image-5487869dd43fa170-300x300.png",
    "link": "http://twitch.tv/takazetv"
  },
  "theboyks": {
    "logo": "https://static-cdn.jtvnw.net/jtv_user_pictures/theboyks-profile_image-6dc451e21c240f18-300x300.jpeg",
    "link": "http://twitch.tv/theboyks"
  },
  "tonic": {
    "logo": "https://static-cdn.jtvnw.net/jtv_user_pictures/cleartonic-profile_image-c962cd75971be7db-300x300.png",
    "link": "http://twitch.tv/cleartonic"
  },
  "toucansham": {
    "logo": "https://static-cdn.jtvnw.net/jtv_user_pictures/toucansham-profile_image-ce72ff0a65b2a891-300x300.png",
    "link": "http://twitch.tv/toucansham"
  },
  "tripl3ag3nt": {
    "logo": "https://static-cdn.jtvnw.net/jtv_user_pictures/tripl3ag3nt-profile_image-f77f1e5115740da2-300x300.png",
    "link": "http://twitch.tv/tripl3ag3nt"
  },
  "truman": {
    "logo": "https://static-cdn.jtvnw.net/jtv_user_pictures/truman-profile_image-fbd389bd7533cb61-300x300.jpeg",
    "link": "http://twitch.tv/truman"
  },
  "ty2358": {
    "logo": "https://static-cdn.jtvnw.net/jtv_user_pictures/ty2358-profile_image-bb0b01737c497c93-300x300.png",
    "link": "http://twitch.tv/ty2358"
  },
  "usedpizza": {
    "logo": "https://static-cdn.jtvnw.net/jtv_user_pictures/usedpizza-profile_image-324c18d255dbc12b-300x300.png",
    "link": "http://twitch.tv/usedpizza"
  },
  "warm_ham": {
    "logo": "https://static-cdn.jtvnw.net/jtv_user_pictures/warm_ham-profile_image-652d8c76b70b6c45-300x300.png",
    "link": "http://twitch.tv/warm_ham"
  },
  "wedc517": {
    "logo": "https://static-cdn.jtvnw.net/jtv_user_pictures/wedc517-profile_image-f09a7e0fa39372a7-300x300.jpeg",
    "link": "http://twitch.tv/wedc517"
  },
  "xsvArea51": {
    "logo": "https://static-cdn.jtvnw.net/jtv_user_pictures/xsvarea51-profile_image-dbcd6b0852f575dc-300x300.png",
    "link": "http://twitch.tv/xsvArea51"
  },
  "zoast": {
    "logo": "https://static-cdn.jtvnw.net/jtv_user_pictures/zoast-profile_image-dcbc3329ad374dfc-300x300.jpeg",
    "link": "http://twitch.tv/zoast"
  },
  "zorlaxseven": {
    "logo": "https://static-cdn.jtvnw.net/jtv_user_pictures/zorlaxseven-profile_image-e4302f2c6436c67f-300x300.jpeg",
    "link": "http://twitch.tv/zorlaxseven"
  },
  "Cheese05": {
    "logo": "https://static-cdn.jtvnw.net/jtv_user_pictures/cheese05-profile_image-ac5d2089ae89057e-300x300.png",
    "link": "http://twitch.tv/cheese05"
  },
  "Puncayshun": {
    "logo": "https://static-cdn.jtvnw.net/jtv_user_pictures/puncayshun-profile_image-c70e13aa9cda9e19-300x300.png",
    "link": "http://twitch.tv/puncayshun"
  },
  "Biinny": {
    "logo": "https://static-cdn.jtvnw.net/jtv_user_pictures/biinny-profile_image-486e224fa0d1eeeb-300x300.png",
    "link": "http://twitch.tv/biinny"
  },
  "Simply": {
    "logo": "https://static-cdn.jtvnw.net/jtv_user_pictures/simply-profile_image-150836b25c16056d-300x300.png",
    "link": "https://www.twitch.tv/simply"
  },
  "Everyone!": {
    "logo": null,
    "link": null
  }
}